Crop, $F_i$, $F_p$
Maize, 2.2147676276557, 0.524773839318182
Wheat, 2.2166416751537, 0.782427856522727
Soybean, 5.57677436700235, 0.286551961098901
