Crop, $F_i$, $F_p$
Maize, 2.2147676276557, 0.46
Wheat, 2.2166416751537, 0.69
Soybean, 5.57677436700235, 0.26
